{"version":"1.125.0","results":[],"errors":[],"paths":{"scanned":["src/main/java/servlets/module/challenge/SqlInjection1.java","src/main/java/servlets/module/challenge/SqlInjection5CouponCheck.java"]},"time":{"rules":[],"rules_parse_time":0.8090078830718994,"profiling_times":{"config_time":3.6945903301239014,"core_time":1.3503594398498535,"ignores_time":0.0006635189056396484,"total_time":5.046040296554565},"parsing_time":{"total_time":0.022376060485839844,"per_file_time":{"mean":0.011188030242919922,"std_dev":1.8533285128796706e-08},"very_slow_files":[]},"targets":[],"total_bytes":0,"max_memory_bytes":658269120},"skipped_rules":[]}
